Logement,CodeComptable
Cozy Apartment - Champs Elysees - Dulud I,DUL16-1F
Cozy Apartment - Champs Elysees - Roosevelt,FRA12-1G
Cozy Apartment - Louvre - Aboukir VIII,ABO58-1D
Cozy Apartment - Louvre - Clery,CLE7-0D
Cozy Apartment - Louvre - Sentier I,SEN18-3D
Cozy Apartment - Louvre - Sentier II,SEN18-2G
Cozy Apartment - Louvre -Rivoli,RIV85-1G
Cozy Apartment - Marais - Saint Denis II,STD250-1D
Cozy Apartment - Marais - Saint Martin IV,MAR359-1G
Cozy Apartment - Marais - Saint Martin V,MAR326-3D
Cozy Apartment - Marais - Saint Martin VI,MAR326-3G
Cozy Apartment - Marais - Sebastopol III,SEB44-1D
Cozy Apartment - Marais - Turbigo I,TBG77-1D
Cozy Apartment - Opera - Caumartin II,CAU28-2D
Cozy Apartment - Opera - Mauroy II,GOD24-0F
Cozy Apartment - Opera - Turin,TRN13-0F
Cozy Apartment - Tour Eiffel - Finlay,FIN6-6F
Cozy Apartment - Tour Eiffel - Viala I,VIA29-1G
Cozy Apartment - Tour Eiffel - Viala II,VIA29-1F
Cozy apartment - Opera - Castellane,CAS6-1D
Merveil - Family Suite - Champs Elysees - Armee,GRA41-1G
Merveil - Family Suite - Champs Elysees - Mollien,MOL3-0G
Merveil - Family Suite - Champs Elysees - Monceau,MON58-0G
Merveil - Family Suite - Champs Elysees - Wagram,WAG20-0G
Merveil - Family Suite - Louvre - Aboukir VIII,ABO58-1D
Merveil - Family Suite - Louvre - Dalayrac,DAL40-1D
Merveil - Family Suite - Louvre - Rivoli,RIV85-1G
Merveil - Family Suite - Louvre - Sainte Anne,ANN46-3G
Merveil - Family Suite - Louvre - Sentier II,SEN18-2G
Merveil - Family Suite - Marais - Fbg St Antoine,FSA33-2D
Merveil - Family Suite - Marais - Martin III,MAR359-1F
Merveil - Family Suite - Marais - Pelee,PEL8-0D
Merveil - Family Suite - Marais - Ponceau,POC5-3F
Merveil - Family Suite - Opera - Cardinal Mercier,CAR7-0G
Merveil - Family Suite - Opera - Castellane,CAS6-1D
Merveil - Family Suite - Opera - Caumartin I,CAU28-2G
Merveil - Family Suite - Opera - Caumartin II,CAU28-2D
Merveil - Family Suite - Opera - Mauroy II,GOD24-0F
Merveil - Family Suite - Tour Eiffel - Viala I,VIA29-1G
Merveil - Family Suite - Tour Eiffel - Viala II,VIA29-1F
Merveil - Family suite - Louvre - Victoires,NDV14-1D
Merveil - Luxury Serviced Apartment - Aboukir VI,ABO69-2D
Merveil - Luxury Suite - Champs Elysees - Boissy,BOI41-2D
Merveil - Luxury Suite - Champs Elysees - Mauroy I,GOD9-2F
Merveil - Luxury Suite - Champs Elysees - Roll,ALF6-4F
Merveil - Luxury Suite - Champs Elysees - Royale I,ROY15-5D
Merveil - Luxury Suite - Champs Elysees - St Cyr I,GOU71-2D
Merveil - Luxury Suite - Champs Elysees -St George,CHE6-3F
Merveil - Luxury Suite - Champs Elysées - Mermoz,MER21-0G
Merveil - Luxury Suite - Louvre - Aboukir I,ABO52-0D
Merveil - Luxury Suite - Louvre - Aboukir II,ABO52-1F
Merveil - Luxury Suite - Louvre - Aboukir III,ABO52-2G
Merveil - Luxury Suite - Louvre - Aboukir IV,ABO52-2D
Merveil - Luxury Suite - Louvre - Aboukir IX,ABO94-1D
Merveil - Luxury Suite - Louvre - Aboukir V,ABO69-1D
Merveil - Luxury Suite - Louvre - Aboukir VII,ABO108-2G
Merveil - Luxury Suite - Louvre - Bourse I,BRS1-5F
Merveil - Luxury Suite - Louvre - Bourse II,BRS1-5D
Merveil - Luxury Suite - Louvre - Marcel II,ETI16-2D
Merveil - Luxury Suite - Louvre - Marcel III,ETI39-1F
Merveil - Luxury Suite - Louvre - Michodiere,MIC18-4F
Merveil - Luxury Suite - Louvre - Opera I,OPE18-4D
Merveil - Luxury Suite - Louvre - Opera II,OPE18-4G
Merveil - Luxury Suite - Louvre - Ours I,OUR12-1G
Merveil - Luxury Suite - Louvre - Ours II,OUR12-1D
Merveil - Luxury Suite - Louvre - Palestro,PAL7-1D
Merveil - Luxury Suite - Louvre - Rambuteau,RAM80-1G
Merveil - Luxury Suite - Louvre - Reaumur I,REA110-2F
Merveil - Luxury Suite - Louvre - Reaumur II,REA110-2G
Merveil - Luxury Suite - Louvre - Rousseau,JJR27-1F
Merveil - Luxury Suite - Louvre - Sebastopol II,SEB23-3G
Merveil - Luxury Suite - Louvre - Therese,THE13-1D
Merveil - Luxury Suite - Louvre -Sebastopol I,SEB23-3F
Merveil - Luxury Suite - Marais - Antoine I,ANT10-1G
Merveil - Luxury Suite - Marais - Antoine II,ANT10-2G
Merveil - Luxury Suite - Marais - Archives I,ARC74-0G
Merveil - Luxury Suite - Marais - Caire I,CAI31-2D
Merveil - Luxury Suite - Marais - Charlot,CHA73-0D
Merveil - Luxury Suite - Marais - Lenoir I,RIC75-0F
Merveil - Luxury Suite - Marais - Lenoir II,RIC75-0G
Merveil - Luxury Suite - Marais - Lenoir III,RIC75-0D
Merveil - Luxury Suite - Marais - Poissonniere,POI8-1D
Merveil - Luxury Suite - Marais - Republique,REP23-1D
Merveil - Luxury Suite - Marais - Saint Denis I,STD97-1G
Merveil - Luxury Suite - Marais - Saint Martin I,MAR181-1G
Merveil - Luxury Suite - Marais - Saint Martin II,MAR181-2G
Merveil - Luxury Suite - Marais - Turbigo II,TBG52-1G
Merveil - Luxury Suite - Marais - Turenne,TUR64-1D
Merveil - Luxury Suite - Notre Dame - Boulangers,BOU40-0G
Merveil - Luxury Suite - Notre Dame - Monge,MNG118-1D
Merveil - Luxury Suite - Notre-Dame - Saint Louis,LOU18-0D
Merveil - Luxury Suite - Opera - Bateliere,BAT14-1
Merveil - Luxury Suite - Opera - Rougemont I,ROU14-1G
Merveil - Luxury Suite - Opera - Rougemont II,ROU14-1D
Merveil - Luxury Suite - Opera - Septembre I,QUA24-4F
Merveil - Luxury Suite - Opera - Septembre II,QUA24-4D
Merveil - Luxury Suite - Tour Eiffel - Bac I,BAC116-1G
Merveil - Luxury Suite - Tour Eiffel - Bac II,BAC116-1D
Merveil - Luxury Suite - Tour Eiffel - Bourdonnais,LAB77-0D
Merveil - Luxury Suite - Tour Eiffel - Fremicourt,FRE17B-2F
Merveil - Luxury Suite - Tour Eiffel - Laos,LAO4-0G
Merveil - Luxury Suite - Tour Eiffel - Viala II,VIA1-2G
Merveil - Luxury Suite -Champs Elysees- Ponthieu I,PON48-1D
Merveil - Luxury Suite -Champs Elysees-Haussmann I,HAU152-0G
Merveil - Luxury Suite -Champs Elysees-Ponthieu II,PON48-1G
Merveil - Luxury Suite -ChampsElysees- Florentin I,FLO13-1F
Merveil - Luxury Suite -ChampsElysees-Florentin II,FLO13-1G
Merveil - Luxury Suite -Marais - Bvd Saint Denis,BSD9-1F
Merveil - Luxury Suite -Opera - Volney I,VOL18-2G
Merveil - Luxury Suite -Opera - Volney II,VOL18-2D
Merveil - Signature Suite - Champs Elysees -Kleber,KLE40-2F
Merveil - Signature Suite - Champs Elysees-Dulud I,DUL16-1F
Merveil - Signature Suite - Eiffel Tower terrace,TIL14-5G
Merveil - Signature Suite - Louvre - Marcel I,ETI16-2F
Merveil - Signature Suite - Louvre - Victoria,VIC18-2G
Merveil - Signature Suite - Marais - Archives II,ARC77-2G
Merveil - Signature Suite - Marais - Braque,BRA4-2G
Merveil - Signature Suite - Marais - Caire II,CAI31-3D
Merveil - Signature Suite - Marais - Montmartre,MTM13-2G
Merveil - Signature Suite - Marais -Turbigo III,TBG52-1G
Merveil - Signature Suite - Opera - Bateliere,BAT14-1
Merveil - Signature Suite - Opera - Rougemont III,ROU14-4G
Merveil - Signature Suite - Tour Eiffel - Desaix I,DES3-5G
Merveil - Signature Suite - Tour Eiffel - Viala IV,VIA29-1D
Merveil - Signature Suite - Tour Eiffel -Desaix II,DES3-5F
Merveil - Signature Suite -Tour Eiffel- Bourgogne,BGO41-0F
Merveil - Signature Suite -Tour Eiffel- Grenelle I,GRE168-0G
Merveil - Signature Suite -Tour Eiffel-Grenelle II,GRE168-0D
Merveil - Signature Suite-Champs Elysees- Marignan,MRI16-0D
Merveil -Luxury Suite -Champs Elysees-Haussmann II,HAU152-0D
Merveil Luxury Suite - Martin VII - Museum view,MAR135-2F
Merveil Luxury Suite Royale II - Saint Honore view,ROY15-6D
Merveil Signature Suite - Cyr II - Private terrace,GOU71-3D
Merveil Signature Suite - Valois - Louvre view,VAL1B-1G
Merveil Signature Suite Hoche - Eiffel Tower view,HOC16-7G
Merveil - Family Suite - Opera - Turin,TRN13-0F
Merveil Family Suite - Tilsitt - Eiffel Tower view,TIL14-5G
Merveil - Family Suite - Tour Eiffel - Finlay,FIN6-6F
Merveil - Family Suite - Louvre - Sentier I,SEN18-3D
Merveil - Family Suite - Marais - Martin VI,MAR326-3G
Merveil - Family Suite - Louvre - Clery,CLE7-0D
